{"cameraMode":{"drawMode":0,"name":"Shaded","section":"Shading Mode"},"sceneLighting":false,"audioPlay":false,"sceneViewState":{"showFog":true,"showMaterialUpdate":false,"showSkybox":false,"showFlares":true,"showImageEffects":true,"showParticleSystems":true},"in2DMode":false,"pivot":{"x":-2.0,"y":0.05010803043842316,"z":-5.527736663818359},"rotation":{"x":-0.40965035557746889,"y":0.48037877678871157,"z":-0.2707959711551666,"w":-0.7267019748687744},"size":13.875722885131836,"orthographic":false}